<?xml version="1.0" encoding="UTF-8"?>
<project-private xmlns="http://www.netbeans.org/ns/project-private/1">
    <editor-bookmarks xmlns="http://www.netbeans.org/ns/editor-bookmarks/2" lastBookmarkId="0"/>
    <open-files xmlns="http://www.netbeans.org/ns/projectui-open-files/2">
        <group>
            <file>file:/C:/wamp32bit/www/LifestyleStore/setting_script.php</file>
            <file>file:/C:/wamp32bit/www/LifestyleStore/settings.php</file>
            <file>file:/C:/wamp32bit/www/LifestyleStore/products.php</file>
            <file>file:/C:/wamp32bit/www/LifestyleStore/login_submit.php</file>
            <file>file:/C:/wamp32bit/www/LifestyleStore/connection.php</file>
            <file>file:/C:/wamp32bit/www/LifestyleStore/header2.php</file>
            <file>file:/C:/wamp32bit/www/LifestyleStore/index.php</file>
            <file>file:/C:/wamp32bit/www/LifestyleStore/cart.php</file>
            <file>file:/C:/wamp32bit/www/LifestyleStore/check_if_added.php</file>
            <file>file:/C:/wamp32bit/www/LifestyleStore/user_registration_script.php</file>
            <file>file:/C:/wamp32bit/www/LifestyleStore/cart_add.php</file>
            <file>file:/C:/wamp32bit/www/LifestyleStore/login.php</file>
            <file>file:/C:/wamp32bit/www/LifestyleStore/logout.php</file>
            <file>file:/C:/wamp32bit/www/LifestyleStore/cart_remove.php</file>
            <file>file:/C:/wamp32bit/www/LifestyleStore/success.php</file>
            <file>file:/C:/wamp32bit/www/LifestyleStore/header.php</file>
            <file>file:/C:/wamp32bit/www/LifestyleStore/signup.php</file>
        </group>
    </open-files>
</project-private>
